ranking	country	CGI
1	Somalia	1.92
2	Niger	1.75
3	Timor-Leste	1.61
4	Senegal	1.61
5	Guinea	1.53
6	Chad	1.53
7	Congo, Democratic Republic of	1.47
8	Sierra Leone	1.46
9	Mauritania	1.39
10	Mali	1.36
11	Solomon Islands	1.33
12	Bangladesh	1.25
13	Afghanistan	1.25
14	Liberia	1.22
15	Gambia	1.18
16	Togo	1.08
17	Burkina Faso	1.08
18	Burundi	1.06
19	Cote d'Ivoire	1.01
20	Zambia	1.01
21	Yemen	1
22	Central African Republic	0.99
23	Morocco	0.96
24	Uganda	0.96
25	Equatorial Guinea	0.95
26	Lesotho	0.93
27	Tajikistan	0.93
28	Papua New Guinea	0.9
29	Comoros	0.89
30	Laos	0.89
31	Sudan	0.89
32	Angola	0.85
33	Samoa	0.84
34	Mozambique	0.83
35	Tanzania	0.83
36	Malawi	0.81
37	Rwanda	0.8
38	Guatemala	0.79
39	Egypt	0.79
40	Nepal	0.76
41	Sri Lanka	0.75
42	Paraguay	0.74
43	Ethiopia	0.74
44	Iraq	0.73
45	Oman	0.73
46	Algeria	0.73
47	Honduras	0.72
48	Madagascar	0.71
49	Pakistan	0.7
50	Nigeria	0.7
51	Benin	0.7
52	Korea, North	0.68
53	Indonesia	0.67
54	Palestine	0.67
55	Philippines	0.67
56	Cameroon	0.65
57	Cambodia	0.65
58	Burma	0.65
59	Kiribati	0.64
60	Gabon	0.6
61	Vanuatu	0.6
62	Djibouti	0.56
63	Swaziland	0.56
64	Nicaragua	0.56
65	Cape Verde	0.53
66	Congo	0.52
67	Bolivia	0.52
68	Haiti	0.51
69	Libya	0.51
70	Kenya	0.5
71	Fiji	0.48
72	Syria	0.43
73	Saudi Arabia	0.41
74	Uzbekistan	0.39
75	Macedonia	0.39
76	Jordan	0.35
77	Maldives	0.35
78	Tonga	0.35
79	Guyana	0.32
80	Belize	0.31
81	Ghana	0.3
82	Peru	0.29
83	Kyrgyzstan	0.28
84	Tunisia	0.27
85	Mongolia	0.27
86	Bhutan	0.26
87	India	0.25
88	Ecuador	0.23
89	Antigua and Barbuda	0.21
90	Namibia	0.2
91	Georgia	0.2
92	Kuwait	0.16
93	Colombia	0.15
94	Azerbaijan	0.14
95	Iran	0.14
96	Vietnam	0.12
97	Zimbabwe	0.12
98	Turkmenistan	0.11
99	El Salvador	0.1
100	Mauritius	0.09
101	Mexico	0.09
102	Armenia	0.08
103	Seychelles	0.06
104	Panama	0.05
105	Turkey	0.04
106	Malaysia	-0.01
107	Bahamas, The	-0.02
108	Grenada	-0.02
109	Dominican Republic	-0.03
110	Bahrain	-0.03
111	Venezuela	-0.06
112	Brazil	-0.06
113	Jamaica	-0.08
114	Albania	-0.1
115	South Africa	-0.1
116	Kazakhstan	-0.12
117	Virgin Islands (U.S.)*	-0.12
118	China	-0.13
119	Chile	-0.14
120	United Arab Emirates	-0.14
121	Thailand	-0.14
122	Qatar	-0.16
123	Lebanon	-0.17
124	St. Vincent and the Grenadines	-0.19
125	St. Lucia	-0.23
126	Suriname	-0.24
127	Costa Rica	-0.25
128	Serbia	-0.25
129	Montenegro	-0.28
130	Barbados	-0.29
131	Dominica	-0.29
132	Croatia	-0.34
133	Brunei	-0.34
134	Trinidad and Tobago	-0.37
135	Argentina	-0.37
136	Taiwan*	-0.41
137	Israel	-0.42
138	Romania	-0.43
139	Cyprus	-0.43
140	Ireland	-0.49
141	Poland	-0.5
142	Botswana	-0.54
143	Uruguay	-0.55
144	Bosnia and Herzegovina	-0.59
145	Bulgaria	-0.6
146	Greece	-0.62
147	Singapore	-0.63
148	Moldova	-0.64
149	Belarus	-0.68
150	Italy	-0.73
151	Russia	-0.73
152	Ukraine	-0.74
153	Korea, South	-0.74
154	Hong Kong*	-0.78
155	Slovenia	-0.78
156	Slovakia	-0.79
157	Latvia	-0.8
158	Lithuania	-0.8
159	Cuba	-0.8
160	Malta	-0.82
161	Puerto Rico*	-0.86
162	Iceland	-0.88
163	Spain	-0.9
164	Aruba*	-0.93
165	Portugal	-0.96
166	Hungary	-0.96
167	Guam*	-0.97
168	Canada	-1.1
169	New Zealand	-1.11
170	Czech Republic	-1.12
171	United Kingdom	-1.12
172	Switzerland	-1.15
173	China, Macau SAR*	-1.15
174	Austria	-1.16
175	Belgium	-1.16
176	France	-1.17
177	Australia	-1.17
178	United States	-1.18
179	Japan	-1.18
180	Netherlands	-1.29
181	Finland	-1.3
182	Norway	-1.33
183	Luxembourg	-1.34
184	Germany	-1.35
185	Estonia	-1.37
186	Denmark	-1.37
187	Sweden	-1.43
188	Monaco	-1.85
